MFCC_1_Mean,MFCC_1_Mode,MFCC_1_Variance,MFCC_1_Kurtosis,MFCC_1_Skewness,MFCC_1_IQR,MFCC_1_Percentile_10,MFCC_1_Percentile_25,MFCC_1_Percentile_50,MFCC_1_Percentile_75,MFCC_1_Percentile_90,MFCC_2_Mean,MFCC_2_Mode,MFCC_2_Variance,MFCC_2_Kurtosis,MFCC_2_Skewness,MFCC_2_IQR,MFCC_2_Percentile_10,MFCC_2_Percentile_25,MFCC_2_Percentile_50,MFCC_2_Percentile_75,MFCC_2_Percentile_90,MFCC_3_Mean,MFCC_3_Mode,MFCC_3_Variance,MFCC_3_Kurtosis,MFCC_3_Skewness,MFCC_3_IQR,MFCC_3_Percentile_10,MFCC_3_Percentile_25,MFCC_3_Percentile_50,MFCC_3_Percentile_75,MFCC_3_Percentile_90,MFCC_4_Mean,MFCC_4_Mode,MFCC_4_Variance,MFCC_4_Kurtosis,MFCC_4_Skewness,MFCC_4_IQR,MFCC_4_Percentile_10,MFCC_4_Percentile_25,MFCC_4_Percentile_50,MFCC_4_Percentile_75,MFCC_4_Percentile_90,MFCC_5_Mean,MFCC_5_Mode,MFCC_5_Variance,MFCC_5_Kurtosis,MFCC_5_Skewness,MFCC_5_IQR,MFCC_5_Percentile_10,MFCC_5_Percentile_25,MFCC_5_Percentile_50,MFCC_5_Percentile_75,MFCC_5_Percentile_90,MFCC_6_Mean,MFCC_6_Mode,MFCC_6_Variance,MFCC_6_Kurtosis,MFCC_6_Skewness,MFCC_6_IQR,MFCC_6_Percentile_10,MFCC_6_Percentile_25,MFCC_6_Percentile_50,MFCC_6_Percentile_75,MFCC_6_Percentile_90,MFCC_7_Mean,MFCC_7_Mode,MFCC_7_Variance,MFCC_7_Kurtosis,MFCC_7_Skewness,MFCC_7_IQR,MFCC_7_Percentile_10,MFCC_7_Percentile_25,MFCC_7_Percentile_50,MFCC_7_Percentile_75,MFCC_7_Percentile_90,MFCC_8_Mean,MFCC_8_Mode,MFCC_8_Variance,MFCC_8_Kurtosis,MFCC_8_Skewness,MFCC_8_IQR,MFCC_8_Percentile_10,MFCC_8_Percentile_25,MFCC_8_Percentile_50,MFCC_8_Percentile_75,MFCC_8_Percentile_90,MFCC_9_Mean,MFCC_9_Mode,MFCC_9_Variance,MFCC_9_Kurtosis,MFCC_9_Skewness,MFCC_9_IQR,MFCC_9_Percentile_10,MFCC_9_Percentile_25,MFCC_9_Percentile_50,MFCC_9_Percentile_75,MFCC_9_Percentile_90,MFCC_10_Mean,MFCC_10_Mode,MFCC_10_Variance,MFCC_10_Kurtosis,MFCC_10_Skewness,MFCC_10_IQR,MFCC_10_Percentile_10,MFCC_10_Percentile_25,MFCC_10_Percentile_50,MFCC_10_Percentile_75,MFCC_10_Percentile_90,MFCC_11_Mean,MFCC_11_Mode,MFCC_11_Variance,MFCC_11_Kurtosis,MFCC_11_Skewness,MFCC_11_IQR,MFCC_11_Percentile_10,MFCC_11_Percentile_25,MFCC_11_Percentile_50,MFCC_11_Percentile_75,MFCC_11_Percentile_90,MFCC_12_Mean,MFCC_12_Mode,MFCC_12_Variance,MFCC_12_Kurtosis,MFCC_12_Skewness,MFCC_12_IQR,MFCC_12_Percentile_10,MFCC_12_Percentile_25,MFCC_12_Percentile_50,MFCC_12_Percentile_75,MFCC_12_Percentile_90,id_full
0.1083395692863501,-0.9676042433511117,0.05379486965710531,1.4094118889674805,-1.176407230417704,0.2642835958169638,-0.2153877930572695,0.004955093430007141,0.15739322581481346,0.269238689246971,0.35112434151950855,-0.06201364118199095,-0.9234219123235601,0.05407224809914528,-0.37467979494353054,-0.12030162069299805,0.33607941797551044,-0.3712694130740076,-0.22563352699340006,-0.057709452814221004,0.11044589098211041,0.23854798434682636,0.26461699650625736,-0.5277508968204538,0.06604662928243854,-0.2947696396404509,0.19638073525457125,0.3591380978290287,-0.0651654755245877,0.07788962677011173,0.2567998035205395,0.43702772459914047,0.6079008428757363,-0.1900293838869684,-0.9307629144731371,0.04774072573336604,-0.2895317598780589,-0.01392780214222362,0.3024299401895039,-0.47506686864733794,-0.3424876816031785,-0.18769638507930173,-0.04005774141367457,0.09754424619794734,-0.31422209610856844,-1.2276097977755493,0.07967571879487506,-0.34940008263237265,0.054787832961296405,0.39851795936912754,-0.6783726386198177,-0.5152093163934356,-0.3196647469005095,-0.11669135702430804,0.06484834085183587,-0.09881211839518902,-1.0213899680020562,0.05947278109231701,-0.07552373460512962,0.17451690631295586,0.32306008021143284,-0.3985383822432068,-0.264088580293412,-0.11397875594047718,0.058971499918020885,0.23520791758409293,-0.10189378769699439,-0.9054163779421303,0.03592032882551063,0.3300247428888974,-0.020126981572364814,0.2465100738396326,-0.3397417528411611,-0.2242041216928247,-0.10204367873490275,0.022305952146807924,0.13677288383999464,-0.26513308310715983,-1.0926246301665852,0.04459861577188698,-0.08680786604093438,0.052948003325644415,0.2905250523178569,-0.5349406535728285,-0.4112457429760772,-0.2683965936544726,-0.12072069065822029,0.008946816632850577,-0.047295600734916614,-0.8262012695542686,0.04601603755545776,-0.30466211382639985,0.06480772509545837,0.30492807745748957,-0.32483844648101523,-0.2011418732629977,-0.048611068050112526,0.10378620419449185,0.23279387361537382,0.011628495836105156,-0.6830232914185955,0.027032122912103905,0.21155456112058912,0.17220085263723625,0.2162275551794447,-0.19494373030785245,-0.09929257225621443,0.0075279558135695765,0.11693498292323025,0.2222705282977409,-0.14443868303531524,-0.8916445756627841,0.02566496312109372,0.0974267647334428,-0.1196879758164989,0.2144293364245755,-0.3516730849531419,-0.2493993519446719,-0.14094275548291993,-0.03497001552009638,0.05624925544242464,-0.12672975434101647,-0.7484498963857422,0.024201118566150384,-0.03732456617730584,-0.04133076360437381,0.2124482898588037,-0.3270948861214743,-0.23238117250435983,-0.12648255012197035,-0.01993288264555613,0.07339285167423623,dc2
0.09862844020338414,-0.7198552444920584,0.039573222722679394,0.6696422628942784,-0.9555373063079129,0.23566993349986262,-0.19744433621892057,0.0016476298864961654,0.1411334490669356,0.2373175633863588,0.31233518112228886,-0.03638832001750824,-0.8258042671744396,0.0645754733459502,-0.4937568301278832,0.05938533057870505,0.3731885952848033,-0.3685643453882065,-0.22180792615488404,-0.041563087116200714,0.15138066912991924,0.2955152615357134,0.0962824301565538,-0.7090758440405891,0.06351113179902945,-0.3915622934348537,0.09243841218044975,0.362140430659985,-0.22907715624814678,-0.0888429710572658,0.09430939127577823,0.27329745960271923,0.4338050414747552,-0.29526082530041653,-1.0743898109374406,0.0411510137107661,0.23288936176522812,-0.1180846810384591,0.26649870422124183,-0.5544003516172491,-0.42635424510594766,-0.29103416520461844,-0.15985554088470583,-0.0404742626875024,-0.2266193037482605,-1.0824431023173993,0.05875380665939256,-0.12387012557823063,-0.13409923160644704,0.3317396618500911,-0.5483761924691699,-0.3889803589691896,-0.21960444407901733,-0.05724069711909846,0.07914336610509495,-0.2831672412893178,-1.0261344182430772,0.040367988898269896,0.21484286764337224,0.25477837031215295,0.2625486241913874,-0.5303213149114474,-0.4194394362314944,-0.2912206152690082,-0.15689081204010696,-0.024324522280843273,-0.17616986910834195,-1.3122363608168308,0.039814094591783575,0.7666126544202925,-0.37833590813583173,0.25605044402221244,-0.42560208929674914,-0.29759811708532535,-0.16881463415408476,-0.04154767306311291,0.06990099831985024,-0.20085023392965975,-0.8663824240066476,0.04002944868190993,0.00969830528822957,0.24053140785913701,0.26619881513738575,-0.4493753372984383,-0.3382119848270209,-0.21140908929827967,-0.07201316968963517,0.06783960097426381,-0.08057554912678055,-0.8360548791571,0.0440788280954547,0.014348833172112663,0.2376184785999916,0.28094603340819846,-0.3386034368666631,-0.2262765633788119,-0.09249651763545591,0.054669470029386574,0.20119090128809194,0.02038624681010644,-0.7262209637214013,0.03915864396094953,0.1767311906483977,0.2806635606084824,0.25889427976141,-0.22309126975143495,-0.11342545542145027,0.00917899086462673,0.14546882433995972,0.27958618388725154,-0.13798605639567688,-0.7774395545303626,0.030228023241986573,-0.08910281754390814,-0.05322552444542588,0.23701580352695584,-0.3631591445489803,-0.2552834309384267,-0.1353977034475789,-0.018267627411470862,0.08293353590721847,-0.1609560104970704,-0.8996241308645734,0.024407287737344983,0.16733644882591037,-0.021907974187736885,0.20533445197286493,-0.3598375817211021,-0.2632414221321075,-0.16081867599439226,-0.05790697015924255,0.038461633660022795,dc3
0.11266193619212188,-0.9374954903749005,0.05557043247590369,1.2805047104974552,-1.1414355959340479,0.25380444068966285,-0.23533835351718996,0.019858469769978113,0.15687555481978013,0.273662910459641,0.36480559677554797,0.09033682954650278,-0.6394989254140467,0.04152242836110158,0.009901143221961561,-0.20474896924916527,0.27218459383895893,-0.1793860150444759,-0.04202020740046936,0.1012564885738075,0.23016438643848955,0.3407923588122202,0.09897218242342831,-0.6666982633145313,0.06405654046519198,-0.5919507916245825,-0.09744093223391911,0.3701190967107574,-0.25557816396077665,-0.08575178587436445,0.11298713602050289,0.28436731083639294,0.4241378873722762,-0.34778207048709375,-1.0275801327611316,0.043435221538639754,0.0013632642680327933,0.2381815416309809,0.28013622353129236,-0.6087319285030665,-0.49204067441149246,-0.3592285329994279,-0.2119044508802001,-0.07185536193908951,-0.11331023518854311,-0.8362828378284416,0.05518498150354176,-0.27022968297164596,0.05439654193694153,0.3278033658477818,-0.42037291115967834,-0.2787701864030462,-0.11361610887156352,0.0490331794447356,0.1912605769508752,-0.4096378308256015,-1.3782497774925637,0.05124187809779477,-0.12827930787864794,0.05415488286616424,0.3072651855177129,-0.7032758319446327,-0.5646001988342536,-0.4097061088788255,-0.2573350133165407,-0.11460128913975323,-0.0968078348327079,-0.9584437631959558,0.040850334593958405,0.22181909299301905,0.09518839150848943,0.265637198858732,-0.34702945931873524,-0.23171314215253386,-0.10234594454729642,0.03392405670619812,0.16524332004592762,-0.2021103746524765,-1.0898161767174874,0.04127615677550163,-0.08584372856293143,0.1040074571282306,0.2756367824780185,-0.4584891666025294,-0.3416828513133282,-0.2088006575658629,-0.0660460688353097,0.06609253585172131,-0.0744909993783777,-0.7231347605920903,0.034510501756332454,0.11904952058829421,0.3271617101437786,0.2516395904540955,-0.3032493756465493,-0.204870051155889,-0.08694547259115211,0.046769539298206514,0.1729211287179376,-0.07218778157925963,-0.8380111294730629,0.03904521991027769,0.04881485467045765,-0.006718830985196436,0.26308539004954123,-0.3226893815045869,-0.20431112951881525,-0.0734796733172387,0.05877426053072597,0.18420750872086133,-0.23903636041557483,-0.9712992922157151,0.026617946417555088,0.030170005041971315,-0.132716417228882,0.22061094540018622,-0.44935925007406846,-0.3473011731762189,-0.23505999418660922,-0.12669022777603267,-0.03436084992148665,-0.03374718908851759,-0.7123625801499855,0.02477446273170224,0.10959439359177914,0.13950358391778894,0.21000366545030827,-0.2296238495171381,-0.13991723373022963,-0.039285419973730015,0.07008643172007864,0.16930268665713158,dc4
0.10548255323558084,-0.7898063830023435,0.047828386951841884,0.5318601387933284,-0.8916172252134523,0.2594504540922951,-0.22329694639626424,-1.6004733879131752e-05,0.14641991948257954,0.259434449358416,0.3478951283971166,-0.032332929432050635,-1.142731976512794,0.07131634338786057,-0.2781189773672872,-0.1477022174192363,0.37451248107476853,-0.39009119041935686,-0.21594002821019087,-0.02004416987482406,0.15857245286457766,0.3012458794603658,0.12499779271577283,-0.7399302289072321,0.0724799756391209,-0.4758589926343775,0.07030522817639674,0.38823529919105576,-0.2296639249697809,-0.07107762185637255,0.12151042977985668,0.3171576773346832,0.4844027373277614,-0.34186197295593984,-1.3001212457984146,0.04962608234099548,-0.07429028745286681,0.14147064965129044,0.3050009548419831,-0.6166308814888122,-0.49734136381215477,-0.3516819849577921,-0.1923404089701717,-0.044845847027327565,-0.1991972074396687,-0.9937063329499111,0.06716759158075125,-0.24326150369278388,0.10728423329351856,0.35890237428888866,-0.5362618791958659,-0.38116958845789867,-0.20328976575367536,-0.02226721416901001,0.14292891363149948,-0.2867779088182481,-1.3721172525480712,0.049596464519907506,-0.05156866846594532,0.027165531036453614,0.29941498311275605,-0.5719336565879638,-0.4368053653580949,-0.2874162263102763,-0.1373903822453388,0.00021076305632479394,-0.16904561704076423,-1.2299482094146381,0.046278104522444394,0.2688656183279887,0.02794670080504711,0.28277781630774174,-0.4339086093719311,-0.31166229163300635,-0.17363753918476058,-0.028884475325264596,0.10651253083231624,-0.08794093219864431,-0.9189025268425903,0.0466963346582024,-0.09440857130636005,0.17861649741065994,0.2944341843536408,-0.3583219948097657,-0.2390256691026368,-0.09719977772973883,0.05540851525100402,0.20054572691979566,-0.07404593431372306,-0.9381906633067952,0.04201695832372311,0.12362189864770246,0.24515574748528837,0.27115726573563603,-0.3244328690939007,-0.21404497725675184,-0.08649217410751482,0.05711228847888419,0.19934658550414316,-0.13242529999113423,-0.924170033217559,0.042520704465431,-0.08491536587743731,-0.10225882128069258,0.280238072145667,-0.4011767156149567,-0.2707168531994437,-0.128007380288176,0.009521218946223287,0.12955971506458774,-0.15750846361788878,-0.8667408639120691,0.02668821695413152,-0.03418317291627959,-0.12212410382314946,0.22230544755838416,-0.3684144072805281,-0.26700320819178053,-0.15496028746345913,-0.044697760633396366,0.05175128744376728,-0.054488908399271035,-0.7427699136638644,0.022766898504273367,0.09339946645080799,0.10200214855622157,0.20398063286808077,-0.2439670657777591,-0.15785975782909467,-0.057247749950970234,0.04612087503898611,0.13879949216577628,dc5
0.17203643232625243,-0.7964297574107252,0.042552730724160326,1.5719591940045001,-1.2638569295094029,0.21421000130535928,-0.12794306493087937,0.0949494668443245,0.2186338865405731,0.30915946814968376,0.3824235083643755,0.06134119216386784,-0.8039649333257287,0.07037522611344697,-0.10668606954063886,0.13121004368651829,0.35746921562750233,-0.27765427970671763,-0.12326308912029446,0.058573710077774496,0.23420612650720787,0.40265921686192196,0.10250643971497278,-0.8087655131249958,0.06035748306426725,-0.474349445031816,0.05286463856397644,0.36043688819997505,-0.21675085223832388,-0.07998389262480522,0.09913504432152202,0.28045299557516984,0.43241986629061285,-0.371734013000483,-1.2235204988277324,0.06280103495916578,-0.39712372665214746,0.23340329434796125,0.3570886340607781,-0.6836779319373202,-0.5545180362219999,-0.3919231717141511,-0.1974294021612218,-0.022553631368957418,-0.2047611081025698,-1.0873733682757243,0.05737560456847441,-0.29495549749469463,-0.061754857936624497,0.33294709774236453,-0.5251756502905887,-0.37135125109367556,-0.19783629755356757,-0.03840415335131105,0.10356423497861945,-0.08921584830600811,-0.9578093647781433,0.04330451686367552,0.03632954565245772,0.14166302054317256,0.2795508248432079,-0.3480779623171031,-0.23221174888130838,-0.09804730125665685,0.04733907596189956,0.1875014688545718,-0.1267695940095179,-0.9116467934235281,0.042482224723587696,-0.09060705588686258,0.015443256198323978,0.2785964288713599,-0.3889295085489828,-0.2656628434811822,-0.13063249200460436,0.012933585390177702,0.1423972970044213,-0.17439003754044535,-0.977889688865547,0.03755278376501171,0.03608653683336627,0.21452801926738954,0.2596862872249725,-0.4128190035943671,-0.3082478888315205,-0.18457526877055486,-0.04856160160654801,0.08407537792442264,-0.11160413808407628,-0.8540560296878088,0.030412602018567124,0.15395813980802364,0.09950846367737443,0.23187569053222684,-0.3286241760686164,-0.22969300821681024,-0.11615450056992292,0.002182682315416608,0.11344377373979132,-0.191277013616706,-0.8470893171689629,0.03586854947940516,-0.07126880050033568,0.05704443019628893,0.25682553114180745,-0.43522184360893684,-0.31975263655825564,-0.1931599330405807,-0.0629271054164482,0.052008903636889155,-0.20702453178191013,-0.8914593783766133,0.027019275625737207,0.03354306350687963,-0.008228911223678591,0.21757118697267996,-0.4167440204314825,-0.3155764790139867,-0.2075930016690762,-0.09800529204130674,0.00458268330656158,-0.14038098528039067,-0.6619989001691429,0.022171074174858987,0.2779751808280757,0.2730755073324916,0.1987092053450257,-0.32322521331049114,-0.24314220138848203,-0.14730233848392044,-0.044432996043456324,0.05371532137827246,dc6
0.11387340387093621,-0.8807826837994676,0.06252080828651906,0.687435177920503,-1.0695088864370819,0.2852275241391796,-0.2771235123769797,0.0020125334440668206,0.17873593306527144,0.28724005758324644,0.3701073741644455,-0.04624543585055097,-0.9021487034523086,0.07087215705883156,-0.3772189892412783,0.05637697441017281,0.37591298233771886,-0.39211901451001413,-0.23511138135049284,-0.04932272793572706,0.14080160098722605,0.30453947533515185,0.042958257339841766,-0.775970707364291,0.05007056576806423,-0.31488554290229187,0.07810256455359327,0.3159965230079228,-0.2483132297902017,-0.1172635038658788,0.03987636329523554,0.19873301914204403,0.33918189877917604,-0.27257611722988223,-1.0611448726150592,0.031382692608653055,0.162167171433115,0.10101571679336367,0.23162636737102205,-0.49645020166676634,-0.3902553779573052,-0.27544011783338324,-0.15862901058628315,-0.0461855118101823,-0.39218564977232295,-1.3005635954377464,0.06043607688501734,0.047521561680875735,0.18808745084067152,0.323073041787177,-0.7057280423320762,-0.5585602978165626,-0.39777809088076505,-0.23548725602938558,-0.07598046843513614,-0.2721653776448201,-1.1856397238630987,0.044465631134619224,0.24219508845935334,0.015413905952435946,0.27367204477947915,-0.5349121787842733,-0.40934928452057395,-0.2747090650755497,-0.1356772397410948,-0.0008293317107195315,-0.045030195631385016,-0.8539643558296678,0.03509739258239046,0.21493515887888348,-0.06802693889657992,0.24701825890161466,-0.2837798411825349,-0.16809984907930867,-0.04208867535033465,0.07891840982230598,0.18855792532938945,-0.16408905622890274,-0.9839894300059916,0.03849310708850538,0.22642359663250033,0.14282553247494684,0.2615594264047769,-0.41279151016029303,-0.29616843775881213,-0.1682629536995407,-0.0346090113540352,0.09009184824905225,-0.05407535989179039,-0.739011558188766,0.033299862213070755,0.12926278533846736,0.15734490230360806,0.24441985435964853,-0.2847942009603865,-0.17844615583702658,-0.05934062731859639,0.06597369852262194,0.18058829803659304,-0.018794572150748035,-0.7139672230068564,0.027580882028215348,0.1577925089161325,-0.01478347384822004,0.22274239469922189,-0.23002822054664399,-0.12995758047888545,-0.018258123954679614,0.09278481422033644,0.19140115370341396,-0.10061435424423147,-0.7052151262371379,0.028331052126210746,-0.145082758927916,-0.028582771550868958,0.23120695418154158,-0.3202525704814715,-0.21608382336331966,-0.09860937431759978,0.015123130818221924,0.11471041294152688,-0.11202458470137115,-0.7489434981334205,0.022764185037682162,0.2443191323716034,0.10458757257548176,0.1990339467798633,-0.30040219094473586,-0.21288338082827854,-0.11553774896540636,-0.013849434048415234,0.08236292588963579,dc7
0.10165076125529397,-0.8660113688529433,0.05782259552376591,0.27148184522798013,-0.8450212049138536,0.30130121082414657,-0.2671842087771449,-0.02395264828875967,0.14861602167307206,0.2773485625353869,0.36973025423857614,0.03300680906495177,-0.8051073008747733,0.05441147879124318,0.11250629809807888,-0.007678681986652252,0.3051436097237292,-0.2631322310200073,-0.119345734433764,0.03442866122224674,0.18579787528996522,0.327307178711867,0.00909461901521926,-0.8300912794575677,0.055858710858505814,-0.40660031752845605,-0.08911397453109396,0.3389699530965076,-0.3049177154555334,-0.15897000629421876,0.015544212085712966,0.17999994680228887,0.31394098087381356,-0.34789633063436065,-1.0644400731076318,0.042373054704493845,0.025405207164982624,0.262288246984242,0.27821612265868034,-0.6035514238970231,-0.49142855485747206,-0.35841887512443227,-0.2132124321987917,-0.07969064414755865,-0.23498339890155726,-1.0490349288191239,0.055089686370736655,-0.17857108232264673,0.19595651976667278,0.3239508248110391,-0.5328153551466605,-0.4010809235478098,-0.24408388383773358,-0.07713009873677071,0.07655742774849596,-0.2883803934526594,-1.2032494779223672,0.0441949662641513,0.1007952144858213,0.08056518724307762,0.275028787718571,-0.553926201384551,-0.427982775828914,-0.2922586062837078,-0.152953988110343,-0.016076896326459113,-0.05071098589719176,-0.8584465707699852,0.04149830459107299,0.0011220716780213635,0.0810790714889052,0.2757585076366193,-0.3070606641804959,-0.18995435691240214,-0.05539615416807853,0.08580415072421717,0.21389621208595752,-0.15264466708373117,-0.8739428418583335,0.036882444429342603,-0.17521155930307275,0.06622661891388772,0.26286991095938395,-0.398266714522371,-0.2851703959230887,-0.1566376086273615,-0.022300484963704743,0.09993855865328745,-0.07480780025901264,-0.7216005727510031,0.03064283813940821,0.43471673402318656,0.26187129597095343,0.23023334756745378,-0.29108712239681384,-0.19368966435558663,-0.08196958715783348,0.036543683211867156,0.14874526854586628,-0.17340660291092183,-0.9373239240624126,0.0327749465109804,0.10233859696869985,-0.04390953437294869,0.24107243806012,-0.4043768105894708,-0.292815794868518,-0.17269120402201113,-0.051743356808398006,0.05798071364204675,-0.15949412834824794,-0.8457274144179273,0.024572579149126764,0.11362931120343278,-0.019972387104468928,0.20837082415045663,-0.3590057076847813,-0.2633753469851595,-0.15939932957738254,-0.05500452283470288,0.040423508950186385,-0.10186618192391311,-0.6719817606575639,0.020155379512284407,0.0928498136301843,0.04157841523102256,0.19055702493842408,-0.2820763287357036,-0.19772290836844503,-0.10273510368933544,-0.007165883430020939,0.07925773607777957,dc8
0.11880439009011366,-0.8748117116493633,0.055854063722649,0.9890331600738591,-1.0343698813211473,0.2750007885710449,-0.21862302796477878,0.011568967216481395,0.15905499161828993,0.28656975578752625,0.377016263694652,0.07702921406567502,-0.8380687048183104,0.03368714642305584,0.18786621264797,-0.37065485907164014,0.24851738547128982,-0.16713448418626492,-0.041870509543690024,0.09233896049840894,0.20664687592759978,0.2990255297232226,0.07592268702460017,-0.9142360957051371,0.0625638140281016,-0.15067598393575476,-0.22256294950609778,0.33406745328057336,-0.2657201115882447,-0.08795912205686285,0.09497133915302354,0.2461083312237105,0.39063583682515757,-0.17060428539900468,-0.9960479780902989,0.04294190306464492,-0.25138414536846465,0.048470658795011355,0.2841883166137904,-0.4382140886158312,-0.31448901075701474,-0.17367932127326535,-0.03030069414322433,0.10695126736217409,-0.11296589955388399,-0.9933059312322242,0.05320318760664437,-0.3127888533186485,0.007188852325962031,0.3218805250398243,-0.4116947796078271,-0.27323556171002983,-0.11726809267665592,0.04864496332979444,0.19484892562070902,-0.2512695506337774,-1.1320261748978184,0.057129527904559545,-0.24586184103911402,0.11546566637256116,0.32717298585514965,-0.5558523162580814,-0.4186152795250869,-0.2596792010976027,-0.09144229366993725,0.07310333219037327,-0.10883319507597562,-0.9732728825064176,0.04628263473653668,-0.18097408116607872,-0.039150610724978725,0.2954118750350153,-0.38658224003392,-0.2547995917849404,-0.11075731229421298,0.04061228325007495,0.1753728579094506,-0.16842036163704208,-0.9730153415531134,0.03899125511731262,-0.07264285869388365,-0.08560552666327839,0.27193948874721297,-0.4196653408456503,-0.3016543651144593,-0.1698613116557866,-0.029714876367246332,0.08906306943633288,0.027600320625536467,-0.6738619753887001,0.03778946060182309,-0.0073555654295649475,0.16085579489425686,0.26524595612623114,-0.21669636658755134,-0.10858089690494155,0.023254351198807064,0.1566650592212896,0.2805002268822179,0.012151756764075438,-0.7434643971084023,0.02740778979499945,0.1475905593301028,-0.06562326338276134,0.21820107147300613,-0.19905829224320898,-0.09613185273144902,0.01447479827556855,0.12206921874155711,0.2213090670001674,-0.03490387286565711,-0.7104340304986964,0.028039571806709983,0.4194352819148519,0.15140261872680463,0.21467551482500052,-0.24325109347779347,-0.14426199404448606,-0.03781441233091555,0.07041352078051445,0.17786569118143414,-0.12813172082950813,-0.789681788997911,0.024369716784010197,0.27929570829495765,-0.11177852929791668,0.20341366075661704,-0.3271721219329608,-0.22803345689787652,-0.12589104707739154,-0.024619796141259472,0.06848638555637826,dc9
0.13506757000713973,-0.7801250661971882,0.04473036281489253,0.8391695262592109,-0.8899612452401074,0.25497234156757537,-0.15985588680121982,0.02843542293109768,0.16768755121049989,0.28340776449867305,0.3732345029997794,-0.07923491927455671,-1.0028779927678944,0.08459980189333519,-0.5112637543294549,0.14744488516960874,0.4411612284493498,-0.4501928717815097,-0.3023132886264155,-0.0902118404409743,0.13884793982293434,0.2999692638146626,0.1372291502809168,-0.9391216736229961,0.07941981576968626,-0.39810950266590694,-0.10477516544098883,0.39838191735777473,-0.23779700813490168,-0.05875831935430639,0.14177203172744163,0.3396235980034683,0.5106158649646925,-0.27430247159099475,-0.99118443617269,0.045382417900223695,-0.25819002660196944,0.10171222352839414,0.29908467542686124,-0.5414772008835661,-0.42354415598133904,-0.2847340610060493,-0.1244594805544778,0.010201379980325963,-0.280124940295887,-1.1415803795834496,0.06572121844648918,-0.304482443964337,-0.003722254110631283,0.3639257993306913,-0.6216166256042988,-0.4625362285255747,-0.2750116093048235,-0.0986104291948834,0.04652148584203305,-0.2304735790832374,-1.0983488463733984,0.05081395166381994,0.031750980863825884,-0.009004374673989,0.29947001092423875,-0.5164721313300008,-0.38109472415224765,-0.230953239087047,-0.08162471322800888,0.05992019463804037,-0.2237356202123073,-1.1595120113359043,0.0444908732654441,0.2290973057797654,-0.145200164318742,0.2781755928237204,-0.4957093561661216,-0.36062469734885516,-0.2180105570146098,-0.08244910452513479,0.040726483368087256,-0.02740431939486264,-0.8109231015113758,0.05089026621268529,-0.09236076232578272,0.3214657908583052,0.309260536495636,-0.30254754135913337,-0.18957841972204456,-0.04549633294407877,0.11968211677359143,0.2784437100957551,-0.012396054882436383,-0.7557727449888901,0.04161865828736261,0.1367871226701971,0.23369288792607598,0.2721775248033025,-0.2626058318650016,-0.15297417695408003,-0.022672715507861145,0.11920334784922243,0.2537132645197538,-0.12633614366573406,-0.8800255834490315,0.04057058249132703,0.1745318531344382,0.14980267311069623,0.26693897156644125,-0.3776316854392046,-0.2625313642092403,-0.1326386801550024,0.004407607357200986,0.13293540415328936,-0.21595194926219596,-0.8741311789408591,0.03273481636775689,-0.049908153107496744,0.05636943783621616,0.24284751675441507,-0.4489523449788778,-0.33858235310534324,-0.21729826193833712,-0.09573483635092818,0.018874714673525674,-0.10206945889283893,-0.8081871441234157,0.029855849088066447,-0.019119199261418363,0.16598871703417173,0.23658946456752936,-0.3198754779980421,-0.22306649060018066,-0.10780107590975639,0.013522973967348705,0.12430056637021995,dc10
0.097139466924419,-0.8250285469831143,0.047521529750258945,0.49937505912778546,-0.8274357605964578,0.2679671351499363,-0.22199346436341727,-0.014220245686456965,0.1316205952859405,0.25374688946347934,0.34554965881353217,-0.1262613694251672,-1.1701233541104377,0.08331372267899113,-0.3992851222859395,-0.1503810712319298,0.4148993414556357,-0.5121580572878973,-0.32861546223100224,-0.11719674373899588,0.0862838792246334,0.24436248287318557,0.10013936850565754,-0.8372462138895792,0.07478900391169149,-0.25731820460251376,0.2325162680773897,0.37979150448487137,-0.2439487332903327,-0.09733585343819223,0.08750526605564754,0.28245565104667913,0.4725657426559366,-0.2838892144426928,-1.1991084769364428,0.04618923207717554,-0.13004055806922565,0.03251318351272432,0.29230751600249044,-0.5578732839633426,-0.4310056926763075,-0.28823079662997214,-0.13869817667381706,-0.0007785193978535538,-0.20806278722529659,-1.0142428257381295,0.059251377836341323,-0.31862456205378287,-0.10200841957740327,0.34488097322259964,-0.53722395420119,-0.3793899084203282,-0.19730350366472116,-0.03450893519772857,0.09931569886722208,-0.3030517359860933,-1.1113470754971333,0.051909784003818744,0.1383311732495498,0.22602831175813834,0.2994752976088606,-0.5882452370452511,-0.4593204894032628,-0.3096151217479166,-0.15984519179440224,-0.009188177191220235,-0.13411876531571207,-1.1637053321919526,0.051265328643451694,0.15174468689913612,-0.14131141595107838,0.29650983825818183,-0.4197199553478778,-0.27857790583148484,-0.13266235954658243,0.017931932426697012,0.15480261573962592,-0.07544276853500835,-0.7823575602670637,0.04649535908977314,0.14454819467367575,0.3562185411930818,0.28911936727435394,-0.3393565835265045,-0.22662062982921977,-0.09047706791021919,0.062498737445134185,0.20891476981564644,-0.09342519414637823,-0.8293607720768771,0.040883934511927476,-0.051030737224756706,0.14390413765044727,0.27506658997210254,-0.34609394562492823,-0.2332877479532446,-0.10116203004250622,0.041778842018857926,0.1725309438886035,-0.12738447403591577,-0.8620008564202393,0.033694056660377864,0.05155585043548694,0.1404765933308372,0.24698226295856782,-0.35848555344438743,-0.25288517966040003,-0.13268707647549152,-0.005902916701832218,0.11078966141815899,-0.11071634503034496,-0.7465842879691826,0.024704972590855526,-0.10491822839643516,0.017695502063684025,0.21450646262575118,-0.3124460768385139,-0.21857147722851078,-0.11081836761961666,-0.004065014602759598,0.09218701114499754,-0.06704487241455427,-0.7596168803718245,0.02313377478214276,0.09306751972245264,-0.018047055212773205,0.2029035997662459,-0.26012045651049465,-0.16779535294921868,-0.06758667514017085,0.035108246817027206,0.12665026140292743,dc11
0.11879746785508265,-0.7246622211156731,0.04414057100901814,0.8483605586129443,-1.0695922258378883,0.24222723920054418,-0.19964256154888085,0.027067673707459508,0.16462627568890695,0.26929491290800367,0.3404072885074356,0.004574898004053781,-0.7360208718010212,0.04361326479221693,-0.3742979685619563,-0.13583579165603207,0.299565603015836,-0.2800900997222725,-0.14125838155946072,0.014067312315166653,0.15830722145637527,0.2651742844526437,0.09635314045206196,-0.6498734360127789,0.04589267832680512,-0.41241950611143796,0.04522287547833158,0.30452000609527785,-0.18677163680064185,-0.058270754816124926,0.09587870512236685,0.24624925127915295,0.37878865682974633,-0.23369676527875757,-0.8303422232319686,0.03289723942218585,0.02207016888730573,0.271053997171051,0.24285890353566872,-0.45828270919211156,-0.36133102229423697,-0.2434038526491329,-0.11847211875856825,0.008031306147695268,-0.2511384370133692,-0.9785173007996477,0.04679353556643717,0.0475760378069614,0.11451886140307539,0.28893368428828636,-0.5240482884373847,-0.3977287750440701,-0.25439122618517857,-0.10879509075578372,0.024027954032456923,-0.41168402364972423,-1.2023080506162052,0.045009663278269677,0.16200096799338448,0.1607276738541443,0.2814261659957499,-0.6798896999676552,-0.5548913577729229,-0.4143716935130818,-0.273465191777173,-0.1464722129082847,-0.0745529727847608,-0.7527007943379047,0.039451235489826916,0.05031827527474908,0.3385026126587982,0.27409706925523014,-0.31384499130001325,-0.21726773763109297,-0.09017568031170367,0.056829331624137155,0.19102253331830407,-0.2402028117900903,-0.8374024323865267,0.03234102356425329,-0.13491150952875408,0.09410647498516753,0.2436781475976028,-0.4677938706615652,-0.3639718064712796,-0.24340525030597876,-0.12029365887367678,-0.0022853453857828118,-0.13792177182780938,-0.8976211613893902,0.027734977512514945,0.058097195158174575,0.17923505930407113,0.22317311800892597,-0.3449252667864911,-0.2516538547470326,-0.14548271561961362,-0.028480736738106645,0.08210621414003555,-0.06993279075062155,-0.7656454808195383,0.02916777738570862,0.20845703356379675,-0.0764039890048935,0.2247164918686875,-0.2868271065444798,-0.1816138246578219,-0.06878054082439206,0.043102667210865614,0.1412134814299266,-0.17658159960730188,-0.7988293111752952,0.026322896905617503,0.016294248881197237,-0.21185572819284731,0.21928909649726755,-0.3876925934035915,-0.2829866064872172,-0.17190733284116433,-0.06369750998994964,0.029262843354036987,-0.046420918849666176,-0.5525083441269213,0.02311603204590279,0.08811029840775753,0.2680905264393461,0.20819272466670385,-0.23407947830386683,-0.1542808165770697,-0.05301030762239475,0.05391190808963414,0.15117381706489808,dc12
0.21136673951215063,-0.8333290486443599,0.04197477166819084,1.9416808571414688,-1.3799198344220232,0.21392302905721539,-0.07660066975229456,0.1358269027661047,0.2617566621877626,0.3497499318233201,0.4113162341365378,-0.14823289852322524,-0.9452573792058012,0.06517096828645091,-0.6924438025943762,-0.012828257906258262,0.39070480578774996,-0.483965840582817,-0.34247799765296877,-0.1507173378561655,0.04822680813478121,0.19275602685123416,0.09904950397047123,-0.6392767682802887,0.06936039024427144,-0.39491699536648817,0.0783475320266486,0.37153739466789354,-0.2502828742557472,-0.08926494154896203,0.09958911482061455,0.2822724531189315,0.44289562359739854,-0.19948871979254046,-1.041962724828829,0.03156156192709851,0.12023115153331965,-0.1215769434425698,0.23634302677091862,-0.43006018473803076,-0.3153203808655901,-0.19524250729219672,-0.0789773540946715,0.02262438197208534,-0.3595655313064647,-1.2853375954406296,0.06795282120265284,-0.24488771089723604,0.05036133673556803,0.36480993938780076,-0.7020536586841716,-0.5441154260185516,-0.3558239589306601,-0.1793054866307508,-0.02567598911146786,-0.25786872288335405,-1.211451078744099,0.05399835701030721,0.0032017930641714543,0.08322964536788996,0.3082760754317597,-0.548745909829505,-0.4129871210479635,-0.26389397119526026,-0.10471104561620376,0.04620078405009013,-0.18885038966217177,-1.008191158661638,0.03685271969541472,0.11170596230394825,-0.03354571790556742,0.2551840557377847,-0.43334216825786076,-0.31481860091936004,-0.18894856762705214,-0.059634545181575356,0.054825029769125906,-0.17000975552714592,-0.880487934713655,0.03999762132312257,-0.1145145466899109,-0.00994286594284857,0.27191953050312934,-0.4259831050948804,-0.3056643922794412,-0.1711466524255879,-0.033744861776311835,0.08957232639571173,-0.05538377362639034,-0.772357296021207,0.03997611861204807,-0.08761779624580912,0.17242591672540392,0.27713469276136193,-0.30693447591205725,-0.19693997394926985,-0.06172105240314117,0.08019471881209209,0.20546007477181719,-0.058857962709769715,-0.672307666517728,0.028692918522945515,0.14971052003614727,0.14909006107889136,0.22233879641502746,-0.27113128842761425,-0.1725531465118173,-0.06359240534427742,0.049785649903210175,0.16067586503287618,-0.08920849088465925,-0.8575641760133855,0.033623872455407704,-0.042714555798168075,0.01739077330374358,0.24784085438365386,-0.32594409042328254,-0.2136300887287309,-0.08853564447196356,0.03421076565492296,0.1447217838432232,-0.13219916729007594,-0.7771676338895437,0.02649720533637507,-0.21994507802505492,-0.09309669235008575,0.2263073657276977,-0.34843740672349865,-0.24448368097613243,-0.1272062040237426,-0.01817631524843475,0.07477821311518001,dc13
0.190125677222069,-0.6512383769925943,0.03528744042124496,1.7459639175966437,-1.2209435836060434,0.20753130202540523,-0.05807388441401218,0.11135304311195768,0.22590960021381373,0.3188843451373629,0.3864843456687294,-0.03055486801915533,-0.8147816113467569,0.056908283782947905,-0.3900243855229282,-0.17912173598016473,0.34400936257686376,-0.3564455915571477,-0.1976330354173215,-0.017984178388364885,0.14637632715954224,0.26857972179468487,0.10626237409334202,-0.6128233854133244,0.04339718681982181,-0.12063670191062581,0.12065377597850574,0.2775037265724438,-0.16336134301506983,-0.034725231817339525,0.10317673910509487,0.24277849475510432,0.3797374440935367,-0.17204068742226694,-0.8439658649823389,0.03915062259325863,-0.19435195737728028,0.03673189791277884,0.27037085643554,-0.42356036070581343,-0.30886239693839973,-0.17447562860672863,-0.03849154050285976,0.09131874393130623,-0.24750199908724257,-1.0721226097189362,0.05892200832508268,-0.16977203065541913,0.03244377427586175,0.3344416130695128,-0.5619331887624405,-0.41317664474345855,-0.25163391562219495,-0.07873503167394573,0.06485435511494893,-0.34558022708047487,-1.1467932891420396,0.044593332456094405,-0.04184898236310586,0.12051689898048239,0.2856730646023091,-0.6118756950728811,-0.4913329521541998,-0.3520748251654373,-0.20565988755189069,-0.07046091634157317,-0.25555269447948087,-1.1582037923237776,0.04290676951140125,0.17223909609009924,-0.12467391312403853,0.2681747565078912,-0.5270442296783898,-0.3863399453744923,-0.2497227108545856,-0.11816518886660111,0.002344707633916757,0.015237676143942468,-0.7068967525486664,0.049890227537204096,-0.1456636964814071,0.32775994398175073,0.30870264481759785,-0.2614804495501158,-0.14746895478259514,0.0003592325134754539,0.1612336900350027,0.31834081145957577,-0.03200477953798529,-0.7301045476974047,0.03352083700470648,-0.01532375084905091,0.05784508521957291,0.2468113799233274,-0.26227584019485994,-0.15764991129677153,-0.03428486891529477,0.08916146862655588,0.2057446146570838,-0.17057822695315397,-0.8679595350278897,0.0346419820506424,-0.1476519456328531,-0.11769218370748871,0.2538802949995324,-0.4171318598396283,-0.2963998285024524,-0.16492644948004098,-0.04251953350291997,0.06398846639534503,-0.03119879408207764,-0.6765996689961224,0.02939260349023989,-0.0790737530193173,0.1432062243783638,0.2337600396754503,-0.24916616810585251,-0.14978482727580425,-0.0370777294456231,0.08397521239964606,0.19592901597934723,-0.14493420325923856,-0.7394181534506923,0.023605287629441186,-0.00980033641734579,0.11599645305954637,0.20797811537508973,-0.33892685991631144,-0.25090146037989536,-0.14837545752318249,-0.04292334500480562,0.056272083222563225,dc16
0.20616957001604738,-0.8065662779745445,0.051991977215748345,1.434950947582883,-1.2336450532442647,0.2594399882211524,-0.119053926191911,0.10564762885208223,0.26104326767987995,0.3650876170732346,0.43639209469813506,0.016678864728226682,-0.8458651614501274,0.049176769988848346,-0.0011847353809377736,-0.487329146780488,0.3073159951666872,-0.2893491081836879,-0.1263888712771134,0.042298557043430565,0.1809271238895738,0.28138661409170906,0.11921505425660608,-0.652240140571034,0.05426122348756854,-0.3917771948402726,-0.047178814188537165,0.3231062660220094,-0.19796438714080866,-0.04007795480325363,0.12269250414316499,0.28302831121875577,0.42402115448873207,-0.2560876845360447,-0.9906778287627314,0.041145856892014034,-0.09463481064471546,0.2306379165301206,0.2714044821023031,-0.5084505394391745,-0.3962761883859834,-0.26727472267818697,-0.12487170628368026,0.01662223602470349,-0.2632601463268976,-1.1268272232199699,0.06572738081074163,0.011565820461274523,0.18970418559775212,0.3422612865630239,-0.5854103013039829,-0.44057152633089636,-0.27104871973382927,-0.09831023976787248,0.0691521320620698,-0.24012836779977878,-1.1136121083277892,0.05487478711416948,-0.12028963060360454,0.12706139139652026,0.3112440749885766,-0.5353605167998632,-0.3978613961495091,-0.25033423352812634,-0.08661732116093253,0.07242127723788329,-0.049548827007801,-0.7778288528932594,0.03298184606022902,0.07122454368740216,0.17913438205850615,0.2436405075730517,-0.275162487875652,-0.17438562716452038,-0.057150869813165,0.06925488040853131,0.18954058018266598,-0.09553604066271389,-0.7667815574429843,0.037706293411396044,0.09068419956218765,0.31649979412680446,0.2619239528047827,-0.33091023009764564,-0.23192206299550572,-0.11045962018692802,0.030001889809277003,0.16197039641622327,-0.1878941072674693,-0.9072698110661678,0.028070169738669524,0.07570468031121713,0.014610560881954015,0.22262186500245926,-0.39893641933646823,-0.2999312022225394,-0.19000878388073006,-0.07730933722008013,0.028914199263480978,-0.06564412937328276,-0.6889821027954665,0.02624309768081329,0.013916122055329438,0.060749970739474406,0.21885417932800713,-0.272342403281488,-0.17609945768937182,-0.06731000157731193,0.04275472163863531,0.14161540606202133,-0.0962228176085305,-0.740558081213588,0.027305205162829572,0.17234767222118785,0.05667298176905982,0.21859023117985993,-0.3023520528881079,-0.2060408033032929,-0.09953508358493435,0.012549427876567026,0.11586003370027967,-0.1304795163873555,-0.7626916102959922,0.01933494336286273,0.3533235851040808,0.08988509880791476,0.18130976650198508,-0.3021416431688494,-0.22294250075522856,-0.13304885862858395,-0.04163273425324348,0.04777973957206584,dc17
0.08142145215796982,-0.8317435458141601,0.040345096782809085,0.945993843988862,-0.9598320514548214,0.2382018789438928,-0.20501177245928429,-0.015260654315615074,0.11718781368527652,0.22294122462827773,0.2997959165403365,0.06176920131492512,-0.681728742237359,0.03238291472669656,-0.056223351937283006,-0.2463249940277037,0.24943478120015597,-0.1774276679427467,-0.058051776244993365,0.07128239584716485,0.1913830049551626,0.2868017032063625,0.1476229637143482,-0.6191462696673236,0.045576995058857005,-0.03776570068647844,-0.20383435016671628,0.2887639431005062,-0.13803712186038755,0.006136905267926627,0.16057489379806117,0.29490084836843283,0.4109450653276203,-0.17123458247932588,-1.0819502402987728,0.03564843009360615,0.2779682754593158,-0.2371778896059278,0.2497541576752586,-0.4140088706573084,-0.29214635464702515,-0.16651738616500064,-0.04239219697176655,0.0659551683219307,-0.13583027642735332,-0.9381016365082557,0.053488294097603896,-0.23109280883379135,-0.05566020783609128,0.31725228388266336,-0.43404231669122234,-0.29215689963627434,-0.13736375519262378,0.025095384246389,0.16810938591264468,-0.19749759564784336,-0.9958994915695468,0.06046418635255893,-0.2335088217554433,0.20308777543080792,0.3447095293218218,-0.5041731137515664,-0.3721185867896975,-0.21604451169218583,-0.027409057467875718,0.1337484618699734,-0.15390345709719166,-0.926390801337442,0.041725670554369175,0.02958051275788698,0.07440025790951912,0.2714696244279317,-0.408910190499528,-0.28972826654810035,-0.15948138034133413,-0.018258642120168637,0.11188781975298609,-0.26374174342630674,-1.0665039991025407,0.046041017871137964,-0.05305454911331964,0.033312421028523546,0.2938873927817423,-0.5350129021453075,-0.41063895863125366,-0.2676620343249672,-0.11675156584951135,0.01911139938375406,-0.06359155398807889,-0.8301466767771735,0.051528629423681034,0.047795016252063505,0.2014347545844396,0.30833206734277996,-0.3462708438701602,-0.22162861133520068,-0.07245266003670943,0.0867034560075793,0.23256092496107592,-0.08762394403719308,-0.723726913690976,0.031376082345559865,0.07558334943998668,0.06612473806068686,0.23252155171751088,-0.310886616179925,-0.20506680839353567,-0.09188438052578202,0.027454743323975222,0.14247018008183907,-0.10667367413729642,-0.9747008115431924,0.02653337156979226,0.31900850746255616,-0.16917733377874133,0.21214075554028855,-0.313828495722321,-0.2103752498878548,-0.10601842874721115,0.0017655056524337326,0.10009533855350555,-0.12770319250703216,-0.6673218796438729,0.02036512778940295,0.024676596363604197,0.12838151813987383,0.19202701185598872,-0.30845716654970184,-0.22485838426284402,-0.13111589043928404,-0.03283137240685529,0.057757987773402686,dc18
0.04123983956587844,-0.927334148783136,0.055002528419581156,0.828846353824801,-1.0229275166674956,0.2655563337135931,-0.30787164255553934,-0.06394913645666309,0.09134856553725844,0.20160719725693005,0.29024268316525403,-0.026762823674462505,-0.9162281325439104,0.055767135067494256,-0.3777937200152075,0.022392944558253566,0.3408055589730452,-0.32987772862703785,-0.1964602744698931,-0.031415703917327585,0.14434528450315215,0.28711797602380934,0.10466469754941106,-0.8185341042217803,0.07851359406015646,-0.47210890579337006,0.10641606468532358,0.4138631683491094,-0.26162366064865294,-0.10890242300483269,0.10594092711524088,0.30496074534427675,0.4710419327147576,-0.349802972441498,-1.2879152569488508,0.04836491999186239,0.08517719105008936,-0.009265037067680297,0.2946035426327267,-0.6285003085525027,-0.49699106076973415,-0.35035142517819745,-0.20238751813700745,-0.06765695264346218,-0.13964883565814218,-1.0127230255836912,0.05908549599563578,-0.2536224859144438,0.12040073261288946,0.3401157594948215,-0.4519908409051431,-0.31289520913735974,-0.14447069693484982,0.027220550357461726,0.18132897927644184,-0.3090690276075114,-1.1358650190327944,0.0631793465011866,-0.20066756302820465,0.25055259450568645,0.3493959534524995,-0.6236187764513418,-0.4893433239588818,-0.324730931791162,-0.13994737050638226,0.030441742123178857,-0.20350432582919006,-1.1442408816680871,0.04800416392127105,-0.04578419308680903,-0.13881619894989988,0.2958683258610883,-0.48895378826781793,-0.3485336864183896,-0.19829143515735803,-0.0526653605573013,0.07516727885199956,-0.18677560535591944,-0.9728577287108109,0.046342780994486674,-0.07618487035210508,0.09318648275127947,0.2899577033845344,-0.45936880401470787,-0.33337952583227676,-0.1923211440947994,-0.04342182244774236,0.09583139442419243,0.014036551412859933,-0.8909739538708794,0.050911076000674994,-0.26601615705161974,0.06402434257947544,0.3181587674591955,-0.27764879205551807,-0.147114812442317,0.010429546932172667,0.17104395501687852,0.3132557241448238,0.01713645120861388,-0.7201494146658864,0.03980102129584243,0.10841241263169943,0.20046313280905456,0.2643184781957532,-0.2303379596231313,-0.11871737282007286,0.008899956075161954,0.14560110537568036,0.2784652710554901,-0.19311879153088363,-0.875401076664567,0.030983208243729132,-0.08721599188632201,-0.09400272151314176,0.2407512253396269,-0.42361898975487783,-0.31184073198935075,-0.189710618080415,-0.07108950664972384,0.03032383486679493,-0.04242433865376557,-0.7092049693630661,0.03496683291022298,-0.06514476615147968,0.21088170422921357,0.25206782876556816,-0.2770143632230416,-0.1722180925135128,-0.051555778014145424,0.07984973625205537,0.20526935490892992,dc19
0.11367334172594333,-0.8426613492235427,0.04037595403707242,1.049506228206802,-0.9158131328957249,0.24306710328562062,-0.15245103860444134,0.012549385364667688,0.13891545978555542,0.2556164886502883,0.3446496461659301,-0.020744283655958116,-0.7561193050696302,0.057549588276229,-0.37864354117339927,-0.001161088478841326,0.34314286554929907,-0.3385295451278367,-0.19385844112463377,-0.016235350760580115,0.14928442442466527,0.2896517348070436,0.01763051788117627,-0.9748393309207809,0.05793094601552505,-0.28761528565491856,-0.010683328909642078,0.3372287721568886,-0.3010448868651566,-0.1539480077782833,0.022867208275259863,0.18328076437860535,0.3300367095187678,-0.29324786175195056,-1.1215655566018081,0.04869011311315519,-0.01918562550352254,0.21932926061132157,0.2920243498389165,-0.570773376965826,-0.4451842812034582,-0.30127999536550343,-0.1531599313645417,-0.007234593598637103,-0.24144599791848703,-1.0482686852233032,0.06468456738272081,-0.2423413561556096,0.24970412019174737,0.3583434747496111,-0.5599291264993461,-0.4269673330596694,-0.2559613867596395,-0.0686238583100583,0.10094817005994326,-0.3859311907150088,-1.1629792907117307,0.042997395282380294,0.08587368170783227,0.09253598957307484,0.2700928169527692,-0.6505287095868495,-0.5227973218078592,-0.3886441830049433,-0.25270450485509,-0.12176515256172123,-0.02017048049008727,-0.7921175657728022,0.04993759967179452,-0.09457686666727882,0.24588154860444872,0.3073078711239748,-0.2974102849984917,-0.17929193638142565,-0.031610058030920235,0.12801593474254913,0.2759827043629446,-0.08152139858141651,-0.995197756286236,0.0453601101925597,-0.13777503199310148,-0.030647163149687327,0.29455045664116253,-0.35728909194937214,-0.22921558197217085,-0.07925465259706668,0.06533487466899167,0.19093413627274933,0.0063506722401668585,-0.7535139570709652,0.035141616567514244,0.16308886987171434,0.2008080970802893,0.24752865904641236,-0.22699656287192094,-0.12189989714998793,-0.0004902734781431692,0.12562876189642444,0.250515450461521,-0.12002477998980299,-1.0574591144054586,0.04322117810441558,-0.06435179548486358,-0.25567965637427187,0.28438910943016804,-0.3974275789528202,-0.25740172637686826,-0.10729106764353216,0.026987383053299764,0.13702435143754643,-0.14118741775656318,-0.8265005984768322,0.03328639034293535,-0.15654354832633377,-0.09840317931129197,0.2498815169835981,-0.38278189778786703,-0.2639317651196724,-0.1374768852928175,-0.014050248136074323,0.09096502542468772,-0.10746832935838509,-0.7900595472984514,0.02283564122291919,0.09833000547332604,0.051480255475570724,0.20300282001580794,-0.29701910218874317,-0.2093794657444999,-0.10914254288773009,-0.006376645728691954,0.08684758518566342,dc21
0.1586242492924191,-0.6055259069494947,0.03402523718085742,1.034892099304206,-1.0524239594500069,0.2145128832503744,-0.09961614423685643,0.07333717132761045,0.19565192384713403,0.28785005457798485,0.35578631034385394,0.09114667606096921,-0.6952344296789804,0.05320850091703511,0.037104311811107404,-0.2287353493185722,0.3008933160924647,-0.21791626698997346,-0.058231795273998146,0.11168407246713861,0.2426615208184666,0.3683144297596383,0.041895576058312754,-0.6077917989331839,0.04367063897767313,-0.11961673879797807,0.02427095843340416,0.2819300280715168,-0.23520664674108752,-0.10258415531575837,0.04931712700239198,0.17934587275575845,0.30674408497155914,-0.23300008099089983,-1.0183140845559582,0.05140363089062842,-0.5251422308735458,-0.1386375002944214,0.3385333248338795,-0.5358685982390253,-0.39459686918803405,-0.22958051874581326,-0.05606354435415456,0.06477555538266826,-0.030898912302009227,-0.8147605931364001,0.047903440948353825,-0.11589517713260289,-0.0971814713139387,0.299147698748104,-0.3133571383835921,-0.17982674241491353,-0.026956405049325602,0.11932095633319043,0.2539020583163246,-0.20872112035976303,-1.0142370785829564,0.041323154969490766,-0.09617728302466055,-0.13050029145365521,0.27498479486141525,-0.4829203912019266,-0.3420023318833334,-0.2007452421515733,-0.06701753702191818,0.04303126720738685,-0.09258759439815334,-0.7349042038511772,0.036135877414470545,0.06466839793537593,0.13026728266638454,0.24800026584287183,-0.32877501105292994,-0.21748727126188358,-0.10142618788273969,0.03051299458098826,0.15984682791243518,-0.08793250121949236,-0.7399819916369732,0.04271775094737024,-0.017170538536223745,0.32477578630002624,0.28582118825601677,-0.3412523748958918,-0.2380504257121654,-0.10078306327781993,0.047770762543851375,0.18667301593425503,-0.20807692538612305,-0.8343893747389377,0.029149286871831853,0.32378144319445523,0.24046879887495592,0.22221870656482093,-0.41563772439366214,-0.3225509119115315,-0.2178192802995298,-0.10033220534671058,0.013236288611365311,-0.20197306773314475,-0.8175807752160098,0.030752062797601242,0.16308630487337128,0.22405931697572773,0.2322322160720012,-0.4134344483633869,-0.32246609901834505,-0.2122078688152187,-0.09023388294634385,0.02898411605930963,-0.2065118033684948,-0.7350698486027402,0.025506534266300913,0.0896488063099592,0.29487525129179865,0.21535693301721187,-0.40277207788098157,-0.31876842187412324,-0.21570942506301113,-0.10341148885691137,0.0052094977113709565,-0.209138615029475,-0.6739717227705114,0.01666289584351494,0.329568018256825,0.24518641484428322,0.1672014821446054,-0.36853096460692936,-0.29610625218699516,-0.21387509634342278,-0.12890477004238976,-0.03957170096868102,dc22
0.09188502588524658,-0.883254544275501,0.06252902724782558,0.41870636731970556,-0.9155455826600868,0.2965069709127919,-0.2952589774415987,-0.026597418959564623,0.14373630387360492,0.26990955195322724,0.3629264254434942,-0.04063308513651234,-0.88288234614335,0.055716008793674575,-0.3245559604478796,-0.19932313695360962,0.33899078344097655,-0.3572400515870298,-0.2045215417328806,-0.02966071126705263,0.13446924170809596,0.2573480964010587,0.18014924647088376,-0.7251451642278358,0.06636626605528177,-0.19947198656667275,-0.1003446191497909,0.3511110509509996,-0.16568892532789747,0.005408772216876436,0.1922867384401365,0.356519823167876,0.5030200457078522,-0.13651929285659747,-1.0062229357277077,0.03600952556046034,0.16156189331303272,-0.018319626554518388,0.25224109997114175,-0.37668799012623966,-0.26290364342322414,-0.1364179503753753,-0.010662543452082389,0.10562734953598207,-0.16911621004174962,-1.1323236817659834,0.0754524941108107,-0.3793523744894065,-0.04411351484383545,0.39069562578329436,-0.5348964367641976,-0.36315004731882844,-0.16430506343970283,0.027545578464465925,0.18594688813172383,-0.2462717680668566,-1.0676302806405331,0.05147326870594318,-0.2101216836113089,-0.023358040606757027,0.3141745166961235,-0.541290563489432,-0.4031532173803448,-0.24486663592858948,-0.08897870068422133,0.04868795790222618,-0.08965545827605104,-0.9781424697377947,0.04049562802055126,0.12428187042074423,-0.08667077057681029,0.26703454140337624,-0.346816294035855,-0.22087601962682465,-0.08777390947157754,0.04615852177655155,0.16518471894269468,-0.11416537183037526,-0.9134511864204495,0.04079361023672308,0.014947926202793838,0.024525173706429686,0.27375522899958943,-0.3686494360606963,-0.25106898996176913,-0.11787673391329948,0.02268623903782028,0.1475443520754699,0.03292684271046497,-0.8640945939919062,0.053570193654782126,0.046678266311253935,0.30609871177592296,0.3079494408239499,-0.24842115920717847,-0.1288905758512425,0.016398211689835195,0.17905886497270745,0.3467095811572247,0.02751882231434617,-0.6309063506583222,0.030800575502823627,0.10378138466857845,0.12340139978075379,0.23144152871815793,-0.19215045308244325,-0.09045287359034188,0.02322958399544921,0.14098865512781605,0.25465777790383876,-0.09902036513752,-0.8638795634621509,0.029542357216856222,0.061082941041129324,-0.0884473189963597,0.23038144198366672,-0.32067076840790254,-0.2130912315625752,-0.09580970298312574,0.017290210421091516,0.11810873040619031,-0.062383961732346754,-0.841834717067264,0.03052814063693051,0.16495603883635201,-0.06133421990043437,0.23041728158082617,-0.2835999891805602,-0.1767697909269503,-0.061382677462299265,0.05364749065387586,0.15976737955317485,dc25
0.1302406194993105,-0.9297983975308116,0.05051834734200895,1.0983341468147687,-1.121430223567011,0.24983024132996923,-0.20567137361812043,0.034277580585840295,0.18237227527123825,0.2841078219158095,0.3613940319573916,-0.09498457507874017,-0.9595098187996153,0.07868528478466935,-0.3462341634614816,0.3215516766874277,0.39733883982244916,-0.4373134489781499,-0.3021892215204293,-0.12302110771031902,0.09514961830201984,0.29955979345580425,0.11194291066052986,-0.9136729885713991,0.06027946519386926,-0.22010991103444066,0.1593328194882973,0.3405213439071002,-0.2021343276952234,-0.06382577073100157,0.10626455796937817,0.2766955731760986,0.4350348543979142,-0.3368195252008763,-1.1988533711257658,0.04325420303881025,-0.1378711448448331,0.07412715807373252,0.28639566506127173,-0.6019378084997389,-0.48131150367385955,-0.34156854833536243,-0.19491583861258782,-0.06407907317486265,-0.25748522857019135,-1.1418469415765722,0.05325270414537387,-0.04819002690241714,0.016925074666439704,0.31103172623827297,-0.5568096151111229,-0.4136764659466644,-0.25519293324756953,-0.10264473970839143,0.03515857428070247,-0.3220313124500065,-1.3368252501792341,0.051493134516987685,0.25438538798346855,0.19008679816213686,0.29604192060670664,-0.6029225656525763,-0.4744245901527042,-0.32865696937681327,-0.1783826695459976,-0.030876589813207775,-0.07716147253215928,-0.9955335792854576,0.04056881372675084,0.16204951786196498,-0.08269154095947134,0.2653409617136743,-0.3348783473190754,-0.2075967513703073,-0.07436887741808831,0.05774421034336698,0.17611943511702596,-0.038811696879376766,-0.9669980099593033,0.049533609192779236,-0.1999709660704636,0.16987243357893866,0.3098207695034183,-0.31882615858202623,-0.19702981637930572,-0.048061578810257424,0.11279095312411258,0.2580265541075549,-0.08648989878197237,-0.98406428968948,0.04620903367946362,-0.1233397917840402,0.08628757808322267,0.2960000859784365,-0.3585841190725908,-0.23554290242079579,-0.09271805607166639,0.06045718355764073,0.19564420844700234,-0.0760023868951556,-0.955660110977885,0.04073758065206177,-0.005005455031234618,-0.005696285762833966,0.2704193249254964,-0.3343254459893917,-0.21103466525974562,-0.0761368792248055,0.059384659665750794,0.1824209062918151,-0.20113480261715058,-0.9459666255662768,0.029464915337550714,-0.12143955123333372,0.05457643884229957,0.23524919616636725,-0.42095575471154456,-0.3195076781175189,-0.2029302747582256,-0.08425848195115164,0.02180654333477118,-0.11117118943160727,-0.8475371523887808,0.02808816738199303,0.05344400778677816,-0.03283202948375086,0.22500412944369308,-0.3248455179657489,-0.22296371566989717,-0.11148827982359188,0.002040413773795904,0.10366392319069716,dc33
0.10497344917850114,-0.8788670685388165,0.05525709750670232,0.46017723778532726,-0.7908646153926546,0.28736283214217645,-0.2340583079550996,-0.013746477529181698,0.13552115060648168,0.27361635461299477,0.37888054440289115,0.009081897650891171,-0.8924411748351493,0.054822211864767316,-0.30600834039904656,-0.3471751762487989,0.3417325184128716,-0.30911889378883034,-0.1525973357155691,0.028233219511911007,0.1891351826973025,0.2956789315374203,0.080709693033213,-0.794020379146268,0.05975406488695782,-0.28666170865113205,-0.2574551861515025,0.33908539500665397,-0.25809781126472353,-0.08423736284707312,0.1005709350125779,0.25484803215958085,0.3846350014064019,-0.28258489881954274,-1.183618454420331,0.0455368221826228,-0.2555598034234108,0.11850225709798573,0.2965225046802116,-0.5539844944002439,-0.43238273660705173,-0.2926481225304595,-0.13586023192684016,0.004326687001616728,-0.15976558466064378,-1.0992679363992939,0.06998744420623756,-0.32939789990403057,-0.03487089017583783,0.3760429882773444,-0.5096314790252341,-0.34584896817100064,-0.15518737714853587,0.03019402010634375,0.1816770661253919,-0.24985704804019446,-1.036463407631585,0.048036716619144264,-0.06940521536508992,0.10635973962534176,0.2954677394849788,-0.5287863158897274,-0.3994159176716974,-0.2559101671967873,-0.10394817818671859,0.03452784717031336,-0.048910054375806485,-0.8590454476362238,0.04908111304170371,0.0694400549386458,0.20055768463916165,0.2951022005272642,-0.3220346075259552,-0.19967093387918436,-0.060467099281826565,0.09543126664807983,0.24151665403065067,-0.09404234550820828,-0.831620866216848,0.04363888845829765,-0.23906063483551643,0.11372634719208419,0.29304616984579834,-0.36188214723814344,-0.2435375559518465,-0.09900833558586164,0.04950861389395182,0.18102226309080743,-0.21016662962199606,-0.9306069292426801,0.03393974388476323,0.3425682372243011,0.16760748037696588,0.23948272261224363,-0.4373707825292322,-0.3319926648562682,-0.2169059791714108,-0.09250994224402459,0.02791275272170554,-0.1803988416015445,-0.9426484492614388,0.03859164257489038,0.13831561672845982,0.17655130839874264,0.26123609412598825,-0.4222597111106068,-0.3135118295491786,-0.18958240249795796,-0.05227573542319037,0.07718012593074837,-0.23383973490171428,-1.0213525205621237,0.03117754702220802,0.29013154827241694,0.17034194171724001,0.2279794931149698,-0.45124259122724714,-0.3495284408271163,-0.24123903135598135,-0.12154894771214654,-0.004291362363590184,-0.1900458164939635,-0.8740896711701107,0.02724054823797529,0.5197463777872406,0.28277560270498187,0.21292158585090123,-0.3928010815606678,-0.3001187505590368,-0.19690957506831275,-0.08719716470813557,0.019412820835682923,dc35
0.11828248336147562,-0.77712701334701,0.049209934082966665,0.5515242721670406,-0.9166798479026981,0.2654010945632012,-0.21165234510481298,0.009455012862762355,0.1606488876496517,0.27485610742596356,0.3648843675166371,0.009033932578204947,-0.7195049288877304,0.046515883675705444,-0.3235612277162465,-0.15844179944380332,0.3074862854000854,-0.28119569010843304,-0.14129407890987183,0.018863386880715892,0.16619220649021357,0.28205059471219,0.0814798409368296,-0.7658995740091196,0.05519801315775772,-0.3303676034917631,-0.18971011932044482,0.329083089787136,-0.240500057679877,-0.0814822379112139,0.09979884175642248,0.24760085187592212,0.37907150810411583,-0.16003591522437555,-0.876814636272572,0.03301254331393433,-0.08732561442506537,-0.18174597366431025,0.24906090747813858,-0.39780881355353737,-0.2804807843673427,-0.15388483900026123,-0.031419876889204106,0.06988596266487478,-0.21821168880666267,-1.0331072113004858,0.04921477584911427,-0.11447194132072092,0.06972949162540025,0.3027581740368152,-0.5014033743659737,-0.37087125604252996,-0.2214884889853636,-0.06811308200571475,0.07102305562431338,-0.37655566529658874,-1.233164444052275,0.057594581744570765,-0.1837135454756713,0.20185088549708316,0.3311631111906216,-0.6814525274153135,-0.547632413365666,-0.3856190814215248,-0.21646930217504443,-0.05530090792600766,-0.07479264385901851,-0.8632845892401122,0.0362604760950518,0.1436878296424049,0.12990127782010347,0.254728730893305,-0.31244654980832665,-0.2042059046653116,-0.0796513907059017,0.05052282622799341,0.17297185565750697,-0.13387084929583531,-0.8991367238526383,0.04441111311646642,-0.09923306772714202,0.20868346511890884,0.2905156662824375,-0.39618602054276575,-0.28257551258594327,-0.1452509117539029,0.007940153696494246,0.14582370519215618,-0.19483218956816162,-0.9919408473653596,0.03501209344267377,0.15749149673470075,0.2107422619088794,0.25052392166665943,-0.4264533295679073,-0.3233967349879753,-0.20434177280782867,-0.07287281332131584,0.0475826746418657,-0.15451413439750517,-0.8724363618129762,0.03394567336263377,0.04168412184611414,0.1113794320823761,0.24586030686370863,-0.39003095439050073,-0.28005629747759236,-0.15709082584826944,-0.03419599061388373,0.08310292748571164,-0.21547709339866597,-0.8881923397028679,0.031091850238052197,0.15168322184206984,0.16865294926395377,0.23045253581340733,-0.43569360417295916,-0.332862365946818,-0.22202815026123762,-0.10240983013341068,0.014317084731361793,-0.1552213158212004,-0.8535209048703069,0.02241981198362301,0.2518429038879,0.08214140141935582,0.19893476737803303,-0.3413710444063107,-0.25600461322753465,-0.15861565365687752,-0.057069845849501616,0.036500372924425865,dc36
0.13815657489487282,-0.8636043893669664,0.06857713245764512,0.6577618084893264,-1.1107852517366903,0.3015616850139504,-0.28145057549405256,0.021126739608179318,0.21087890948699806,0.32268842462212977,0.4026332492588694,0.0440735161662246,-0.7475859657707401,0.040906276306238755,-0.3098051407548619,-0.10005208766438238,0.2921065904068997,-0.22580161691462317,-0.09947070111245437,0.051432874012311974,0.19263588929444533,0.2975521684295376,0.24469116932518573,-0.582032322529907,0.05126240095175807,-0.24689361008923383,-0.17181887450873468,0.31286457383353006,-0.062446671008742745,0.09207808842151154,0.2544312062880304,0.4049426622550416,0.5305833731085962,-0.12822947399529935,-0.9423533056201965,0.033996069297810794,0.008698898531870114,-0.19477770491784782,0.24790676260395533,-0.37291532966342283,-0.24951209449586081,-0.11937268633678927,-0.0016053318919054898,0.10136184880239626,-0.3010379482117289,-1.111912621038176,0.057726153574864804,-0.2795921653125615,0.11028893025330863,0.33530512451809835,-0.6110582265170421,-0.47239206524604976,-0.3049598121908749,-0.13708694072795144,0.015358669290422627,-0.28259164797691083,-1.1363144051342777,0.04351368118593638,-0.16169296512151643,0.056938281113452394,0.28901408236194204,-0.5500451760252681,-0.42799670231693393,-0.28600895715550556,-0.13898261995499192,-0.00849644156743157,-0.11707782327365795,-0.7946678737542017,0.03367561702877874,0.00903203963225252,0.20800982012239547,0.24684884818598044,-0.34554009233155425,-0.2438442326240419,-0.12652122639433733,0.003004615561938534,0.12441833066045437,-0.2491396431352644,-0.9306351185503111,0.027045122722030246,0.16866849160557473,0.04935600800097785,0.21943829531454848,-0.45741186844036247,-0.35978898627555134,-0.2498409016080853,-0.14035069096100286,-0.039415773166890676,-0.1401408499734237,-0.8744960081101317,0.03269691349150716,-0.09172043156929677,0.0880659232421092,0.24473564082826305,-0.36950161037782,-0.2642091406469231,-0.14487519306998342,-0.019473499818660023,0.09784243402457617,-0.06125448370902925,-0.7704898033779135,0.025310320651517542,0.02959280602972436,0.009371918308382047,0.2144553398135846,-0.2644856833109744,-0.16866220689760253,-0.06139865498490145,0.045793132915982075,0.14196124939207352,-0.1246637699823972,-0.7669490919108617,0.022202751690304574,0.20129240088157063,0.029386983848263135,0.19435204348386453,-0.312828424375758,-0.22183896386409696,-0.12530956495326445,-0.027486920380232413,0.06425489462636076,-0.13041091113467257,-0.9744028739782452,0.020333809411707093,0.13864826213180992,0.015965248290814044,0.18941453435169647,-0.31158373444433957,-0.22549760370673652,-0.1314844364303843,-0.03608306935504004,0.05184252685656056,dc38
0.08684340543683572,-0.9235667807138009,0.053742965700060735,0.9052980664571026,-0.9369460962285117,0.27445229579139874,-0.23413406447010188,-0.02193080831858013,0.11641712485095822,0.2525214874728186,0.3507254582494651,-0.08635889294616778,-0.954980263401909,0.05063335611881178,-0.3714394736658573,-0.059103339677401445,0.3214604644310066,-0.3829823286211034,-0.24676989264898935,-0.081960406921618,0.0746905717820173,0.20588298004125472,0.19085978572998114,-0.6146480716988354,0.07331713810032388,-0.5827062128441249,-0.1185989776452806,0.3985858840113765,-0.1866506549708133,-0.009238518941489112,0.20836398697845812,0.3893473650698874,0.5350810517236874,-0.3879017907206976,-1.274756986338629,0.043602562098150166,0.5258333429415232,0.402464654571879,0.26026470828968495,-0.6391404625352647,-0.5262762082320321,-0.40150960027033544,-0.2660114999423472,-0.12506510020609868,-0.2200695516889038,-0.9706996530606357,0.05710067735588111,-0.4185392363543583,0.10561688556808141,0.3464755965390836,-0.5345454113173448,-0.3959773221100785,-0.2233669976988411,-0.049501725570994894,0.09378806402887475,-0.3177561669813507,-1.077476269765548,0.05321407040464423,-0.3227872759047097,0.10222957182936487,0.32694200392142053,-0.6127289536423592,-0.4833775446475448,-0.3239990422100254,-0.15643554072612426,-0.01195627971916144,-0.16167038897507277,-0.9745356305760761,0.03585326960731516,0.04332766032449742,-0.13741769637842846,0.2539522124992554,-0.4066396417119888,-0.28687447826669704,-0.1581228556662255,-0.03292226576744163,0.07917986416414738,-0.10683603216577926,-0.9663617024958451,0.03658596525814571,-0.0659374416991132,0.14747656226265404,0.26136646508805556,-0.3453492540753418,-0.2401729627787349,-0.11527091613900746,0.021193502309320676,0.14515468628874445,-0.15554943426904463,-0.882480229970943,0.03407823909594509,-0.03078596961557878,0.18587001813075113,0.2500420060259052,-0.38748838848374,-0.2836782550104621,-0.16272665495384994,-0.03363624898455689,0.08937656663855473,-0.02146297531363226,-0.7574406745450093,0.0337455236800311,-0.14396614022174958,0.045117524986742534,0.25410701203723896,-0.2578703967321818,-0.14936933067504266,-0.023109962885711995,0.1047376813621963,0.21797642942828827,-0.126005658993762,-0.7923910809351942,0.02426862427557394,0.07344773332820953,0.024801399516389027,0.20724837917835792,-0.3236015322145509,-0.22972433933141662,-0.1281433430399269,-0.022475960153058687,0.07403437705424638,-0.020549425346679914,-0.608982891190595,0.02189539245211604,-0.03384951416168036,0.047358883722772624,0.20129267902563952,-0.21016931677864226,-0.12222883794311573,-0.021737378157717237,0.07906384108252378,0.17040224336203497,dc41
0.08785903169620733,-1.0733325594279273,0.056498594436831744,0.29426188701903655,-0.6679963771273336,0.30656376109806827,-0.2457758230366475,-0.045099070820437966,0.11472225366130531,0.2614646902776303,0.36964847812647417,0.001996318456218843,-0.933471220193686,0.06781089207275375,-0.2807639965183366,0.03976631930773177,0.36731172825183,-0.33407204538762986,-0.18471955547993718,0.0014141398597709318,0.18259217277189282,0.34008444170177504,0.0809066611015639,-0.8329648714810004,0.07673123556235556,-0.5827567831285796,-0.1253030276664954,0.40670420785135125,-0.3086162546464889,-0.12175433883976627,0.1003254388744681,0.284949869011585,0.4322453397846906,-0.24220749916515857,-1.0535412051085318,0.03882206790375978,-0.08137225166341544,-0.0007183240503879958,0.26754948689958424,-0.4929486577536062,-0.37584803303985825,-0.24366563914239434,-0.108298546140274,0.01198871240067468,-0.27833402294159626,-1.1714317414509827,0.06020057193487785,-0.27498919961668156,0.12306794389285801,0.3473062075627348,-0.5953334528105563,-0.45519962055755137,-0.28230350386178915,-0.10789341299481658,0.04088041099798442,-0.22233275332046804,-0.9831895191362164,0.04653205249954117,-0.08989977300426677,0.1017903812532074,0.29235037815308373,-0.49470008711904745,-0.37145337642485504,-0.2274468505208601,-0.0791029982717713,0.06303302544866692,-0.14821947891376724,-0.9343720832723882,0.040212844419789784,0.032964827887760784,0.13740839173282604,0.2687176652733989,-0.40118765325752237,-0.2857432514934044,-0.1535452144247689,-0.017025586220005523,0.11158965341476332,-0.24474727921737638,-1.058682865308103,0.04330593456157072,-0.13023691659948788,0.07487987822309082,0.286157762947453,-0.5095724493843556,-0.3896778598076441,-0.24859678729717707,-0.10352009686019108,0.02981674517097098,-0.09924537015403627,-0.7572511414725074,0.03569159751862745,0.00556584342821731,0.21579271529406635,0.2535868140501089,-0.33654620883965464,-0.2297871700805868,-0.10760164245284029,0.023799643969522097,0.1507591053086998,-0.11659866226543206,-0.8989163863626609,0.034897823615375544,0.040106781182498885,-0.05528531033128704,0.24849417743389987,-0.35716026611320134,-0.2395069888000117,-0.11510026633389903,0.008987188633888173,0.12090601397266804,-0.11879470307822997,-0.8433468294659843,0.02466416183998553,-0.00319602817814868,5.2314172208632704e-05,0.21323637512261312,-0.31784914169397815,-0.22490655173729773,-0.12124508886441329,-0.011670176614684617,0.08434118486173361,-0.08978896797140987,-0.6559425639189104,0.021609745174757562,0.11910142836926285,0.040922184158462625,0.19561182297926222,-0.2761493584966254,-0.1884826117576013,-0.09193649531868459,0.007129211221660905,0.09947043876000494,dc42
0.11834154909081127,-0.8606196621442787,0.05058725365913777,0.742702540213712,-0.9358449707786445,0.27495023979057087,-0.20308641876937505,0.0037588734079524243,0.1607315188688088,0.2787091131985233,0.36627194388886697,-0.06060372807230718,-0.9780325773796046,0.07394169646257598,-0.4536393749058716,-0.09420444050696047,0.39893438872399245,-0.4231265857004181,-0.25702173958219626,-0.0522479077562094,0.14191264914179622,0.28535453224674856,0.10358471665615986,-0.7560308919794821,0.06857909988293036,-0.37064762916151484,0.1178440505366722,0.37440453810745356,-0.2371303766807216,-0.08800460697296672,0.10032319362506517,0.2863999311344868,0.4493638263284234,-0.22309342267996596,-1.1263442093996288,0.03919966726498058,0.00640067006804701,-0.04669843533071516,0.26944371115462296,-0.47836630604377717,-0.35654830962359807,-0.22094042544576817,-0.0871045984689751,0.02742195707162569,-0.20826406286498345,-1.02411870063901,0.050693031126285516,-0.11310326536672743,-0.0023390773646415983,0.30336028681965566,-0.5039116791101353,-0.36019195443479135,-0.20463074090882655,-0.056831667615135695,0.07824699301640181,-0.21656274822524324,-1.2308064675599035,0.05494079951958319,0.12008609926177138,0.17234987365868468,0.30709640374218816,-0.5064998338840241,-0.3745820756108902,-0.22589015849207109,-0.06748567186870205,0.09194164806418373,-0.2519147580232929,-1.0687996191754805,0.04386916127112041,0.34436467791906455,-0.13005787994990825,0.26553965439970056,-0.5193781046413887,-0.3814761204889215,-0.248221216333249,-0.11593646608922092,0.008570732586615582,-0.11432474743607124,-1.354881361613832,0.05582600331485819,0.09792155921413848,0.412655423568652,0.31947483457146214,-0.39866358701436894,-0.28332254878162966,-0.13609465563193893,0.0361522857898325,0.2068134113712341,-0.026754583183861633,-0.828349500490133,0.04883110547788531,-0.12135542577632963,0.1852066160419974,0.30674697397997075,-0.3034791047250268,-0.18399290234883844,-0.036918604463103265,0.12275407163113229,0.2652175148909035,-0.23958259109907568,-0.9915478683279673,0.038720021786496576,0.12482780383895742,0.03632709596371904,0.25980675250360963,-0.4929227624684053,-0.3703947705496766,-0.23939043549122813,-0.11058801804606701,0.009109947189342577,-0.1788789881991715,-0.8614176868782948,0.03643004299357468,0.006916016177327844,0.0879982720126716,0.25267714798128604,-0.42180294543453756,-0.30711820607205176,-0.18208532841369612,-0.05444105809076569,0.06872047774255881,-0.10294870735148447,-0.7446179020768772,0.024593254867888492,0.18898663873076904,0.08845985967556948,0.2072527444406714,-0.3009186696093285,-0.20757306280617016,-0.1054098416320452,-0.0003203183654987646,0.09836304830625059,dc43
